issue_iid,issue_id,titulo,tipo,estado,milestone,sprint_numero,labels,autor,autor_username,asignado_a,asignado_username,fecha_inicio,fecha_fin,duracion_planificada_dias,duracion_estimada_dias,creado_utc,actualizado_utc,cerrado_utc,descripcion,num_comentarios,primer_comentario_fecha,ultimo_comentario_fecha,autores_comentarios,ultimo_comentario,comentarios,url
38,177935603,CREACIÓN DE LA CARPETA CARSIMULATOR Y REORGANIZCIÓN DE LA CARPETA CONTENT,Issue,Closed,SPRINT 0 - Arranque inicial y carpetas,0,,Sergio Alves Martín,salvem00,Sergio Alves Martín,salvem00,2025-11-07,2025-11-25,19,,2025-12-01 09:36:42,2025-12-04 09:06:06,2025-12-01 09:38:02,,1,2025-12-04 09:06:06,2025-12-04 09:06:06,Sergio Alves Martín (@salvem00),"Eliminación de la carpeta ""Mi_carpeta"", que era la carpeta de Elsa (anterior desarrolladora) y creación de la carpeta ""CarSimulator"", que será la carpeta ÚNICA que englobará todos los contenidos dentro de la carpeta ""Content"". | Además se ha aplicado un renombrado a los assets, con el prefijo correcto y el nombre siendo lo más descriptivo posible, en inglés.","1. [2025-12-04 09:06:06] Sergio Alves Martín (@salvem00): Eliminación de la carpeta ""Mi_carpeta"", que era la carpeta de Elsa (anterior desarrolladora) y creación de la carpeta ""CarSimulator"", que será la carpeta ÚNICA que englobará todos los contenidos dentro de la carpeta ""Content"". | Además se ha aplicado un renombrado a los assets, con el prefijo correcto y el nombre siendo lo más descriptivo posible, en inglés.",https://gitlab.com/HP-SCDS/Observatorio/2025-2026/cognitivecarsimulatorreloaded/ule-ii-cognitivecarsimulatorreloaded/-/work_items/38
39,177935650,LIMPIEZA DE CARPETAS Y ASSETS,Issue,Closed,SPRINT 0 - Arranque inicial y carpetas,0,,Sergio Alves Martín,salvem00,Sergio Alves Martín,salvem00,2025-11-19,2025-11-27,9,,2025-12-01 09:37:44,2025-12-04 09:08:46,2025-12-01 09:38:08,,1,2025-12-04 09:08:46,2025-12-04 09:08:46,Sergio Alves Martín (@salvem00),"Selección y eliminación de contenido, dentro de la carpeta ""Content"" pero fuera de ""Mi_carpeta"". | Ya que todo es contenido importado desde la Epic Store Fab, no se ha aplicado un renombrado.","1. [2025-12-04 09:08:46] Sergio Alves Martín (@salvem00): Selección y eliminación de contenido, dentro de la carpeta ""Content"" pero fuera de ""Mi_carpeta"". | Ya que todo es contenido importado desde la Epic Store Fab, no se ha aplicado un renombrado.",https://gitlab.com/HP-SCDS/Observatorio/2025-2026/cognitivecarsimulatorreloaded/ule-ii-cognitivecarsimulatorreloaded/-/work_items/39
1,177914513,FAMILIARIZACIÓN CON LA IA EN UNREAL Y LA ACTUAL DEL PROGRAMA,Issue,Closed,SPRINT 1 - Familiarización y entorno,1,,Sergio Alves Martín,salvem00,Sergio Alves Martín,salvem00,2025-11-27,2025-12-02,6,3,2025-11-30 18:31:28,2025-12-04 09:10:54,2025-12-03 08:46:27,Duración estimada: 3 días,1,2025-12-04 09:10:54,2025-12-04 09:10:54,Sergio Alves Martín (@salvem00),"Investigación y aprendizaje del funcionamiento de las IAs en un entorno Unreal, y comprehensión del codigo actual del proyecto.","1. [2025-12-04 09:10:54] Sergio Alves Martín (@salvem00): Investigación y aprendizaje del funcionamiento de las IAs en un entorno Unreal, y comprehensión del codigo actual del proyecto.",https://gitlab.com/HP-SCDS/Observatorio/2025-2026/cognitivecarsimulatorreloaded/ule-ii-cognitivecarsimulatorreloaded/-/work_items/1
2,177914514,IMPLEMENTACIÓN DE UN SEMAFORO DINÁMICO,Issue,Closed,SPRINT 1 - Familiarización y entorno,1,,Sergio Alves Martín,salvem00,Sergio Alves Martín,salvem00,2025-12-02,2025-12-09,8,3,2025-11-30 18:31:29,2025-12-15 10:28:08,2025-12-15 10:28:08,Duración estimada: 3 días,2,2025-12-09 14:13:05,2025-12-15 10:28:00,Sergio Alves Martín (@salvem00),"Se ha implementado además un BP_IntersectionController, encargado de gestionar y coordinar de forma sencilla y configurable, los tiempos de los semáforos en una intersección.","1. [2025-12-09 14:13:05] Sergio Alves Martín (@salvem00): Implementación de semáforo: | El coche reconoce el semáforo, si está en verde continua su curso, si está en ambar o rojo, dependiendo de lo cerca que esté, frena más o menos, pero siempre deja de acelerar. | He probado a usar el WorldLocation de la Box Collision del semáforo pero al final he usado un arrow que marca el punto de detención. | Además, para la frenada, cambiada en el ControllerAI2, había probado un MapClammpedRange, pero el resultado era más complicado de optimizar por tanto he optado por una FloatCurve, que calcula Automaticamente la curva del valor de frenada, que en un futuro dependerá de las personalidades de la IA del vehículo o bicicletas. || 2. [2025-12-15 10:28:00] Sergio Alves Martín (@salvem00): Se ha implementado además un BP_IntersectionController, encargado de gestionar y coordinar de forma sencilla y configurable, los tiempos de los semáforos en una intersección.",https://gitlab.com/HP-SCDS/Observatorio/2025-2026/cognitivecarsimulatorreloaded/ule-ii-cognitivecarsimulatorreloaded/-/work_items/2
3,177914515,INTRODUCIR SEÑALES VERTICALES,Issue,Closed,SPRINT 1 - Familiarización y entorno,1,,Sergio Alves Martín,salvem00,Sergio Alves Martín,salvem00,2025-12-09,2025-12-11,3,2,2025-11-30 18:31:30,2025-12-15 10:26:45,2025-12-15 10:26:45,Duración estimada: 2 días,1,2025-12-15 10:26:41,2025-12-15 10:26:41,Sergio Alves Martín (@salvem00),"Implementación en el mapa de señales con una colission box y un punto de parada inicial. Los stops hacen que el coche frene por completo, esté parado 3 segundos y continue su curso. El ceda, frene casi por completo, y luego continua. Tuve un pequeño error al configurar el punto de parada (arrow) y su posicionamiento visual, ya que este no coincidia con el posicionamiento que el programa leía. Era importante porque la distancia se calcula de forma cuadratica, por tanto es importante siempre colocar el punto de parada en el centro de la via, para discriminar lo máximo posible en dicho cálculo, la coordenada no deseada (x o y dependiendo de la orientación).","1. [2025-12-15 10:26:41] Sergio Alves Martín (@salvem00): Implementación en el mapa de señales con una colission box y un punto de parada inicial. Los stops hacen que el coche frene por completo, esté parado 3 segundos y continue su curso. El ceda, frene casi por completo, y luego continua. Tuve un pequeño error al configurar el punto de parada (arrow) y su posicionamiento visual, ya que este no coincidia con el posicionamiento que el programa leía. Era importante porque la distancia se calcula de forma cuadratica, por tanto es importante siempre colocar el punto de parada en el centro de la via, para discriminar lo máximo posible en dicho cálculo, la coordenada no deseada (x o y dependiendo de la orientación).",https://gitlab.com/HP-SCDS/Observatorio/2025-2026/cognitivecarsimulatorreloaded/ule-ii-cognitivecarsimulatorreloaded/-/work_items/3
4,177914516,CREACIÓN DE UN VEHÍCULO CON IA CON RECORRIDO ALEATORIO,Issue,Closed,SPRINT 2 - Vehículo básico,2,,Sergio Alves Martín,salvem00,Sergio Alves Martín,salvem00,2025-12-11,2025-12-23,13,5,2025-11-30 18:31:30,2025-12-29 11:08:26,2025-12-29 11:08:26,Duración estimada: 5 días,1,2025-12-29 11:08:28,2025-12-29 11:08:28,Sergio Alves Martín (@salvem00),"Implementación inicial de un modelo de IA, que genera pesos iniciales aleatorios, para los inputs (20 sensores de distancia, 20 para tipo de terreno y velocidad) y genera dos outputs (throttle y dirección).","1. [2025-12-29 11:08:28] Sergio Alves Martín (@salvem00): Implementación inicial de un modelo de IA, que genera pesos iniciales aleatorios, para los inputs (20 sensores de distancia, 20 para tipo de terreno y velocidad) y genera dos outputs (throttle y dirección).",https://gitlab.com/HP-SCDS/Observatorio/2025-2026/cognitivecarsimulatorreloaded/ule-ii-cognitivecarsimulatorreloaded/-/work_items/4
5,177914517,MAPEO DE LA CIUDAD PARA EL USO DE SENSORES,Issue,Closed,SPRINT 2 - Vehículo básico,2,,Sergio Alves Martín,salvem00,Sergio Alves Martín,salvem00,2025-12-23,2025-12-24,2,,2025-11-30 18:31:31,2026-01-13 11:06:50,2025-12-29 11:08:55,,2,2025-12-29 11:08:56,2026-01-13 11:06:50,Sergio Alves Martín (@salvem00),"Implementación de cajas de colision y modificadores de volumenes, para el uso del trazado de rayos, que servirán como sensores para los coches, a la hora de medir distancias en su entorno","1. [2025-12-29 11:08:56] Sergio Alves Martín (@salvem00): Ajuste inicial de los semáforos para que respondan al modelo. || 2. [2026-01-13 11:06:50] Sergio Alves Martín (@salvem00): Implementación de cajas de colision y modificadores de volumenes, para el uso del trazado de rayos, que servirán como sensores para los coches, a la hora de medir distancias en su entorno",https://gitlab.com/HP-SCDS/Observatorio/2025-2026/cognitivecarsimulatorreloaded/ule-ii-cognitivecarsimulatorreloaded/-/work_items/5
8,177914520,IMPLEMENTAR PERSONALIDADES VEHÍCULOS (PERFILAR CON ASPAYM),Issue,Closed,SPRINT 2 - Vehículo básico,2,,Sergio Alves Martín,salvem00,Sergio Alves Martín,salvem00,2025-12-17,2025-12-17,1,2,2025-11-30 18:31:32,2026-01-13 11:48:59,2026-01-13 11:48:59,Duración estimada: 2 días,1,2026-01-13 11:48:56,2026-01-13 11:48:56,Sergio Alves Martín (@salvem00),"17-12-2025_REUNIÓN_COGNITIVE_CAR_IA.pdf (/uploads/d22f833f32258854ae83b7bc59477da4/17-12-2025_REUNI%C3%93N_COGNITIVE_CAR_IA.pdf) | Reunión excepcional con el fin de acordar las caracteristicas, restricciones y diferencias entre los perfiles o tipos de conductor (Agresivo/Confiado, Inexperto/Inseguro y Normal).","1. [2026-01-13 11:48:56] Sergio Alves Martín (@salvem00): 17-12-2025_REUNIÓN_COGNITIVE_CAR_IA.pdf (/uploads/d22f833f32258854ae83b7bc59477da4/17-12-2025_REUNI%C3%93N_COGNITIVE_CAR_IA.pdf) | Reunión excepcional con el fin de acordar las caracteristicas, restricciones y diferencias entre los perfiles o tipos de conductor (Agresivo/Confiado, Inexperto/Inseguro y Normal).",https://gitlab.com/HP-SCDS/Observatorio/2025-2026/cognitivecarsimulatorreloaded/ule-ii-cognitivecarsimulatorreloaded/-/work_items/8
6,177914518,CREACIÓN DE UN SISTEMA DE EVOLUCIÓN GENERATIVA,Issue,Closed,SPRINT 3 - Entrenamiento y ajuste del modelo,3,,Sergio Alves Martín,salvem00,Sergio Alves Martín,salvem00,2025-12-25,2026-01-01,8,2,2025-11-30 18:31:32,2026-01-13 11:53:35,2026-01-13 11:53:35,Duración estimada: 2 días,1,2026-01-13 11:53:32,2026-01-13 11:53:32,Sergio Alves Martín (@salvem00),"Implementación de un sistema de comprobación, evaluación y guardado, de los resultados de un modelo en diferentes situaciones. | Se guarda, se cargan y se testean los mejores resultados. | A partir de un manager evolutivo, y una multitud de coches fantasma, se comprueba el resultado de cada uno, buscando el mejor fitness o más premiado. Se pasa a la siguiente generación, mutando la red neuronal del campeón, y conservandola si los resultados no mejoran.","1. [2026-01-13 11:53:32] Sergio Alves Martín (@salvem00): Implementación de un sistema de comprobación, evaluación y guardado, de los resultados de un modelo en diferentes situaciones. | Se guarda, se cargan y se testean los mejores resultados. | A partir de un manager evolutivo, y una multitud de coches fantasma, se comprueba el resultado de cada uno, buscando el mejor fitness o más premiado. Se pasa a la siguiente generación, mutando la red neuronal del campeón, y conservandola si los resultados no mejoran.",https://gitlab.com/HP-SCDS/Observatorio/2025-2026/cognitivecarsimulatorreloaded/ule-ii-cognitivecarsimulatorreloaded/-/work_items/6
9,177914521,CREACIÓN Y AJUSTE DE RESTRICCIONES PARA EL MODELO DEL VEHÍCULO,Issue,Closed,SPRINT 3 - Entrenamiento y ajuste del modelo,3,,Sergio Alves Martín,salvem00,Sergio Alves Martín,salvem00,2026-01-01,2026-01-08,8,2,2025-11-30 18:31:33,2026-01-13 11:56:38,2026-01-13 11:56:38,Duración estimada: 2 días,1,2026-01-13 11:56:39,2026-01-13 11:56:39,Sergio Alves Martín (@salvem00),"Para el correcto funcionamiento y evaluación del modelo, se han creado distintas restricciones usando los datos de los inputs. | La implementación de un step para la dirección, que ayuda a evitar valores extraños, ya que se calcula cada frame, y existe la posibilidad de que varie de forma irreal. | Se ha implementado además una comprobación consntante de como conduce el modelo por el carril, como de centrado está y su habilidad para corregir la situación.","1. [2026-01-13 11:56:39] Sergio Alves Martín (@salvem00): Para el correcto funcionamiento y evaluación del modelo, se han creado distintas restricciones usando los datos de los inputs. | La implementación de un step para la dirección, que ayuda a evitar valores extraños, ya que se calcula cada frame, y existe la posibilidad de que varie de forma irreal. | Se ha implementado además una comprobación consntante de como conduce el modelo por el carril, como de centrado está y su habilidad para corregir la situación.",https://gitlab.com/HP-SCDS/Observatorio/2025-2026/cognitivecarsimulatorreloaded/ule-ii-cognitivecarsimulatorreloaded/-/work_items/9
10,177914522,ENTRENAMIENTO Y TESTEO DEL MODELO,Issue,Closed,SPRINT 4 - Testeo del modelo y memorias de las prácticas,4,,Sergio Alves Martín,salvem00,Sergio Alves Martín,salvem00,2026-01-08,2026-01-13,6,,2025-11-30 18:31:33,2026-01-13 12:00:58,2026-01-13 12:00:58,,1,2026-01-13 12:00:59,2026-01-13 12:00:59,Sergio Alves Martín (@salvem00),"Gracias al manager evolutivo, y la implementación de un guardado automático, para que cuando el modelo cumpla correctamente los objetivos, y mejore los valores históricos de rendimiento, en una prueba determinada; se testea dicho modelo en otra situación similar a la de entrenamiento. | El caso más entrenado durante este periodo ha sido la capacidad del modelo de centrarse en un carril y corregir las desviaciones que pueda tener la vía.","1. [2026-01-13 12:00:59] Sergio Alves Martín (@salvem00): Gracias al manager evolutivo, y la implementación de un guardado automático, para que cuando el modelo cumpla correctamente los objetivos, y mejore los valores históricos de rendimiento, en una prueba determinada; se testea dicho modelo en otra situación similar a la de entrenamiento. | El caso más entrenado durante este periodo ha sido la capacidad del modelo de centrarse en un carril y corregir las desviaciones que pueda tener la vía.",https://gitlab.com/HP-SCDS/Observatorio/2025-2026/cognitivecarsimulatorreloaded/ule-ii-cognitivecarsimulatorreloaded/-/work_items/10
11,177914523,CREACIÓN MEMORIA PRACTICAS,Issue,Closed,SPRINT 4 - Testeo del modelo y memorias de las prácticas,4,,Sergio Alves Martín,salvem00,Sergio Alves Martín,salvem00,2026-01-12,2026-01-16,5,,2025-11-30 18:31:34,2026-01-21 12:16:43,2026-01-21 12:10:46,,1,2026-01-21 12:16:43,2026-01-21 12:16:43,Sergio Alves Martín (@salvem00),"Entrega de las memorias del proyecto, durante el periodo de la asignatura de grado, de Prácticas Externas.","1. [2026-01-21 12:16:43] Sergio Alves Martín (@salvem00): Entrega de las memorias del proyecto, durante el periodo de la asignatura de grado, de Prácticas Externas.",https://gitlab.com/HP-SCDS/Observatorio/2025-2026/cognitivecarsimulatorreloaded/ule-ii-cognitivecarsimulatorreloaded/-/work_items/11
41,181585035,AJUSTE RED NEURONAL CORRECCIÓN DE DESVIACIÓN,Issue,Closed,"SPRINT 5 - Ajuste Red Neuronal desviación y centrado, e implementación de dinámica de intersecciones",5,,Sergio Alves Martín,salvem00,Sergio Alves Martín,salvem00,2026-01-16,2026-01-27,12,,2026-01-21 12:45:33,2026-04-29 11:10:12,2026-01-28 10:51:26,,1,2026-01-28 10:51:28,2026-01-28 10:51:28,Sergio Alves Martín (@salvem00),"Tras entreno de 20 horas, el modelo identifica correctamente la situación, corrige si se desvia y mantiene la dirección si se encuentra centrado.","1. [2026-01-28 10:51:28] Sergio Alves Martín (@salvem00): Tras entreno de 20 horas, el modelo identifica correctamente la situación, corrige si se desvia y mantiene la dirección si se encuentra centrado.",https://gitlab.com/HP-SCDS/Observatorio/2025-2026/cognitivecarsimulatorreloaded/ule-ii-cognitivecarsimulatorreloaded/-/work_items/41
47,189227049,ENTRENAMIENTO INICIAL PARA CURVAS,Issue,Closed,"SPRINT 5 - Ajuste Red Neuronal desviación y centrado, e implementación de dinámica de intersecciones",5,,Sergio Alves Martín,salvem00,Sergio Alves Martín,salvem00,2026-01-28,2026-01-29,2,,2026-04-29 11:48:05,2026-04-29 11:50:13,2026-04-29 11:50:13,,1,2026-04-29 11:50:14,2026-04-29 11:50:14,Sergio Alves Martín (@salvem00),"Se spawnean los vehículos a ambos lados de la curva, para que la tomen en ambos sentidos.","1. [2026-04-29 11:50:14] Sergio Alves Martín (@salvem00): Se spawnean los vehículos a ambos lados de la curva, para que la tomen en ambos sentidos.",https://gitlab.com/HP-SCDS/Observatorio/2025-2026/cognitivecarsimulatorreloaded/ule-ii-cognitivecarsimulatorreloaded/-/work_items/47
48,189227430,IMPLEMENTACIÓN DE BORDES DE INTERSECCIÓN,Issue,Closed,"SPRINT 6 - Intersecciones, trazado de rayos mejorado, ajuste de la RN y Fitness",6,,Sergio Alves Martín,salvem00,Sergio Alves Martín,salvem00,2026-02-18,2026-02-20,3,,2026-04-29 11:54:07,2026-04-29 11:57:26,2026-04-29 11:57:26,,1,2026-04-29 11:57:27,2026-04-29 11:57:27,Sergio Alves Martín (@salvem00),"Creación de bordes virtuales, activados por una boxcollision en la entrada del cruce, y que sirven para marcar el camino elegido, por el cual el coche debe pasar. La decisión es aleatoria siempre (primera, segunda o tercera salida).","1. [2026-04-29 11:57:27] Sergio Alves Martín (@salvem00): Creación de bordes virtuales, activados por una boxcollision en la entrada del cruce, y que sirven para marcar el camino elegido, por el cual el coche debe pasar. La decisión es aleatoria siempre (primera, segunda o tercera salida).",https://gitlab.com/HP-SCDS/Observatorio/2025-2026/cognitivecarsimulatorreloaded/ule-ii-cognitivecarsimulatorreloaded/-/work_items/48
49,189227644,IMPLEMENTACIÓN DE VARIEDAD DE ENTRENAMIENTO (PUNTOS POR LA CIUDAD),Issue,Closed,"SPRINT 6 - Intersecciones, trazado de rayos mejorado, ajuste de la RN y Fitness",6,,Sergio Alves Martín,salvem00,Sergio Alves Martín,salvem00,2026-02-20,2026-02-23,4,,2026-04-29 11:57:38,2026-04-29 12:00:31,2026-04-29 12:00:31,,1,2026-04-29 12:00:31,2026-04-29 12:00:31,Sergio Alves Martín (@salvem00),"Se añadieron múltiples puntos de spawn a lo largo del mapa, que mejora la variedad del entrenamiento y las diferentes situaciones a las que se enfrenta el modelo.","1. [2026-04-29 12:00:31] Sergio Alves Martín (@salvem00): Se añadieron múltiples puntos de spawn a lo largo del mapa, que mejora la variedad del entrenamiento y las diferentes situaciones a las que se enfrenta el modelo.",https://gitlab.com/HP-SCDS/Observatorio/2025-2026/cognitivecarsimulatorreloaded/ule-ii-cognitivecarsimulatorreloaded/-/work_items/49
50,189227782,"CREACIÓN ANÁLISIS DATOS PARA TRAIN, IMPLEMENTACIÓN DE MULTIRAYTRACING",Issue,Closed,"SPRINT 6 - Intersecciones, trazado de rayos mejorado, ajuste de la RN y Fitness",6,,Sergio Alves Martín,salvem00,Sergio Alves Martín,salvem00,2026-02-23,2026-02-25,3,,2026-04-29 12:00:51,2026-04-29 12:03:46,2026-04-29 12:03:46,,1,2026-04-29 12:03:47,2026-04-29 12:03:47,Sergio Alves Martín (@salvem00),"Se crea un archivo .py para el analisis de los datos generados por el entrenamiento. También, para la comprensión correcta del modelo de las distancias a los bordes, sobretodo en intersecciones con multiples bordes simultaneos, se implemento el uso de MultiRayTracing.","1. [2026-04-29 12:03:47] Sergio Alves Martín (@salvem00): Se crea un archivo .py para el analisis de los datos generados por el entrenamiento. También, para la comprensión correcta del modelo de las distancias a los bordes, sobretodo en intersecciones con multiples bordes simultaneos, se implemento el uso de MultiRayTracing.",https://gitlab.com/HP-SCDS/Observatorio/2025-2026/cognitivecarsimulatorreloaded/ule-ii-cognitivecarsimulatorreloaded/-/work_items/50
51,189227906,"AJUSTE RN PARA RESTRCCIONES, COMPORTAMIENTO Y RAYTRACING",Issue,Closed,"SPRINT 6 - Intersecciones, trazado de rayos mejorado, ajuste de la RN y Fitness",6,,Sergio Alves Martín,salvem00,Sergio Alves Martín,salvem00,2026-02-25,2026-03-04,8,,2026-04-29 12:04:02,2026-04-29 12:06:20,2026-04-29 12:06:20,,1,2026-04-29 12:06:21,2026-04-29 12:06:21,Sergio Alves Martín (@salvem00),"Primero, se ajusta la RN a la interacción de los bordes dinámicos, para que solo se lean los datos de los bordes correspondientes. Luego se ajusto el fitness y castigo de las restricciones (velocidad máxima, corrección de desviación y marcha atrás).","1. [2026-04-29 12:06:21] Sergio Alves Martín (@salvem00): Primero, se ajusta la RN a la interacción de los bordes dinámicos, para que solo se lean los datos de los bordes correspondientes. Luego se ajusto el fitness y castigo de las restricciones (velocidad máxima, corrección de desviación y marcha atrás).",https://gitlab.com/HP-SCDS/Observatorio/2025-2026/cognitivecarsimulatorreloaded/ule-ii-cognitivecarsimulatorreloaded/-/work_items/51
52,189230185,IMPLEMENTACIÓN DE MODO TEST PARA EL MODELO,Issue,Closed,"SPRINT 7 - Modo TEST, corrección y ajustes de la RN, normalización del Fitness y mejora SpawnPoints",7,,Sergio Alves Martín,salvem00,Sergio Alves Martín,salvem00,2026-03-05,2026-03-09,5,,2026-04-29 12:43:04,2026-04-29 12:45:29,2026-04-29 12:45:29,,1,2026-04-29 12:45:30,2026-04-29 12:45:30,Sergio Alves Martín (@salvem00),"Implementación de un modo TEST que carga el mejor modelo y lo genera en los spawnpoints disponibles. Solo guarda datos, no muta ni cambian pesos y tiene la opción de ser un test de un solo vehículo seleccionando un único punto en el mapa.","1. [2026-04-29 12:45:30] Sergio Alves Martín (@salvem00): Implementación de un modo TEST que carga el mejor modelo y lo genera en los spawnpoints disponibles. Solo guarda datos, no muta ni cambian pesos y tiene la opción de ser un test de un solo vehículo seleccionando un único punto en el mapa.",https://gitlab.com/HP-SCDS/Observatorio/2025-2026/cognitivecarsimulatorreloaded/ule-ii-cognitivecarsimulatorreloaded/-/work_items/52
53,189230356,"MEJORA DEL ANÁLISIS DE DATOS, CAMBIOS EN LAS PENALIZACIONES Y AJUSTES EVOLUTIVOS",Issue,Closed,"SPRINT 7 - Modo TEST, corrección y ajustes de la RN, normalización del Fitness y mejora SpawnPoints",7,,Sergio Alves Martín,salvem00,Sergio Alves Martín,salvem00,2026-03-09,2026-03-11,3,,2026-04-29 12:46:46,2026-04-29 12:49:41,2026-04-29 12:49:41,,1,2026-04-29 12:49:42,2026-04-29 12:49:42,Sergio Alves Martín (@salvem00),"Guardado y exportación completa de datos en el fitness, se refinan las muertes por reversa o corregir erroneamente la dirección, y se modifican los parametros evolutivos.","1. [2026-04-29 12:49:42] Sergio Alves Martín (@salvem00): Guardado y exportación completa de datos en el fitness, se refinan las muertes por reversa o corregir erroneamente la dirección, y se modifican los parametros evolutivos.",https://gitlab.com/HP-SCDS/Observatorio/2025-2026/cognitivecarsimulatorreloaded/ule-ii-cognitivecarsimulatorreloaded/-/work_items/53
54,189230594,"NORMALIZACIÓN DEL FITNESS x SPAWN, AJUSTE BORDES DEL MAPA, MEJORAS Y CAMBIOS DEL TEST",Issue,Closed,"SPRINT 7 - Modo TEST, corrección y ajustes de la RN, normalización del Fitness y mejora SpawnPoints",7,,Sergio Alves Martín,salvem00,Sergio Alves Martín,salvem00,2026-03-11,2026-03-16,6,,2026-04-29 12:49:52,2026-04-29 12:55:17,2026-04-29 12:55:17,,1,2026-04-29 12:55:20,2026-04-29 12:55:20,Sergio Alves Martín (@salvem00),"Se implementa la dinámica de normalización del fitness. Ahora, para la elección del mejor modelo en una generación se tiene en cuenta el rendimiento general que se ha tenido en ese spawn anteriormente. Se ajustan los bordes del mapa para el correcto entendimiento de los rayos del vehículo. También se mejora el modo test, con tiempo máximo, y tiempo/fitness máximo.","1. [2026-04-29 12:55:20] Sergio Alves Martín (@salvem00): Se implementa la dinámica de normalización del fitness. Ahora, para la elección del mejor modelo en una generación se tiene en cuenta el rendimiento general que se ha tenido en ese spawn anteriormente. Se ajustan los bordes del mapa para el correcto entendimiento de los rayos del vehículo. También se mejora el modo test, con tiempo máximo, y tiempo/fitness máximo.",https://gitlab.com/HP-SCDS/Observatorio/2025-2026/cognitivecarsimulatorreloaded/ule-ii-cognitivecarsimulatorreloaded/-/work_items/54
55,189230961,MEJORA SPAWNPOINTS,Issue,Closed,"SPRINT 7 - Modo TEST, corrección y ajustes de la RN, normalización del Fitness y mejora SpawnPoints",7,,Sergio Alves Martín,salvem00,Sergio Alves Martín,salvem00,2026-03-17,2026-03-19,3,,2026-04-29 12:55:29,2026-04-29 12:58:25,2026-04-29 12:58:18,,1,2026-04-29 12:58:19,2026-04-29 12:58:19,Sergio Alves Martín (@salvem00),"Se implementa una dinámica mejorada y dinámica para los SpawnPoints, fáciles de colocar y automaticamente válidos para la bolsa de opciones de generación de coches.","1. [2026-04-29 12:58:19] Sergio Alves Martín (@salvem00): Se implementa una dinámica mejorada y dinámica para los SpawnPoints, fáciles de colocar y automaticamente válidos para la bolsa de opciones de generación de coches.",https://gitlab.com/HP-SCDS/Observatorio/2025-2026/cognitivecarsimulatorreloaded/ule-ii-cognitivecarsimulatorreloaded/-/work_items/55
56,189232121,INTRODUCCIÓN INICIAL DE SEÑALES Y SEMÁFOROS A LA RN,Issue,Closed,"SPRINT 8 - Implementación Señales y Semáforos a la RN, modo TRAINTEST y mejora rendimiento",8,,Sergio Alves Martín,salvem00,Sergio Alves Martín,salvem00,2026-03-24,2026-03-30,7,,2026-04-29 13:11:07,2026-04-29 13:15:48,2026-04-29 13:15:48,,1,2026-04-29 13:15:53,2026-04-29 13:15:53,Sergio Alves Martín (@salvem00),"Remodelación completa de los BP de semáforos, cedas y stops. Introducción de nuevos inputs en el modelo, para la interacción de los vehículos con las señales de tráfico y semáforos.","1. [2026-04-29 13:15:53] Sergio Alves Martín (@salvem00): Remodelación completa de los BP de semáforos, cedas y stops. Introducción de nuevos inputs en el modelo, para la interacción de los vehículos con las señales de tráfico y semáforos.",https://gitlab.com/HP-SCDS/Observatorio/2025-2026/cognitivecarsimulatorreloaded/ule-ii-cognitivecarsimulatorreloaded/-/work_items/56
57,189232457,IMPLEMENTACIÓN DE ZONAS DE ESPERA,Issue,Closed,"SPRINT 8 - Implementación Señales y Semáforos a la RN, modo TRAINTEST y mejora rendimiento",8,,Sergio Alves Martín,salvem00,Sergio Alves Martín,salvem00,2026-03-30,2026-03-31,2,,2026-04-29 13:16:01,2026-04-29 13:19:44,2026-04-29 13:19:44,,1,2026-04-29 13:19:45,2026-04-29 13:19:45,Sergio Alves Martín (@salvem00),Implementación de zonas de entrada y espera previas a una señal o semáforo. Se tratan de cajas de colisión dinámicas que detectan la presencia del coche.,1. [2026-04-29 13:19:45] Sergio Alves Martín (@salvem00): Implementación de zonas de entrada y espera previas a una señal o semáforo. Se tratan de cajas de colisión dinámicas que detectan la presencia del coche.,https://gitlab.com/HP-SCDS/Observatorio/2025-2026/cognitivecarsimulatorreloaded/ule-ii-cognitivecarsimulatorreloaded/-/work_items/57
58,189232677,IMPLEMENTACIÓN DE ZONAS DE CRUCE Y DINÁMICA DE REANUDACIÓN DE LA MARCHA,Issue,Closed,"SPRINT 8 - Implementación Señales y Semáforos a la RN, modo TRAINTEST y mejora rendimiento",8,,Sergio Alves Martín,salvem00,Sergio Alves Martín,salvem00,2026-04-01,2026-04-06,6,,2026-04-29 13:19:54,2026-04-29 13:21:42,2026-04-29 13:21:42,,1,2026-04-29 13:21:43,2026-04-29 13:21:43,Sergio Alves Martín (@salvem00),"Primero se calcula la correcta frenada según la zona de espera, y se implementa una zona de cruce, similar a la de espera pero situada en la zona donde podrían venir coches con prioridad de paso. Se añade la dinámica de reanudación de la marcha tras la liberación de estas crossingzones.","1. [2026-04-29 13:21:43] Sergio Alves Martín (@salvem00): Primero se calcula la correcta frenada según la zona de espera, y se implementa una zona de cruce, similar a la de espera pero situada en la zona donde podrían venir coches con prioridad de paso. Se añade la dinámica de reanudación de la marcha tras la liberación de estas crossingzones.",https://gitlab.com/HP-SCDS/Observatorio/2025-2026/cognitivecarsimulatorreloaded/ule-ii-cognitivecarsimulatorreloaded/-/work_items/58
59,189232789,IMPLEMENTACIÓN DE MODO TRAINTEST 70/30 Y LIMPIEZA DE RENDIMIENTO EN ARRAYS,Issue,Closed,"SPRINT 8 - Implementación Señales y Semáforos a la RN, modo TRAINTEST y mejora rendimiento",8,,Sergio Alves Martín,salvem00,Sergio Alves Martín,salvem00,2026-04-06,2026-04-06,1,,2026-04-29 13:21:53,2026-04-29 13:23:22,2026-04-29 13:23:22,,1,2026-04-29 13:23:23,2026-04-29 13:23:23,Sergio Alves Martín (@salvem00),"Se crea el modo traintest con una proporción teórica de 70/30, para x generaciones seleccionadas. Además se optimizó el rendimiento gracias a cambios en el recorrido de arrays.","1. [2026-04-29 13:23:23] Sergio Alves Martín (@salvem00): Se crea el modo traintest con una proporción teórica de 70/30, para x generaciones seleccionadas. Además se optimizó el rendimiento gracias a cambios en el recorrido de arrays.",https://gitlab.com/HP-SCDS/Observatorio/2025-2026/cognitivecarsimulatorreloaded/ule-ii-cognitivecarsimulatorreloaded/-/work_items/59
60,189320124,EXPANSIÓN DE TELEMETRÍA Y UMBRALES DE APRENDIZAJE,Issue,Closed,SPRINT 9 - Refinamiento de intersecciones y lógica de comportamiento base,9,,Sergio Alves Martín,salvem00,Sergio Alves Martín,salvem00,2026-04-07,2026-04-09,3,,2026-04-30 10:01:07,2026-04-30 10:02:18,2026-04-30 10:02:18,,1,2026-04-30 10:02:19,2026-04-30 10:02:19,Sergio Alves Martín (@salvem00),"Implementación del guardado masivo de variables en Fitness_Debug.csv para análisis de rendimiento (Acum_ThrottlePos, Acum_BrakeInput, CoastTime). | Desarrollo de la lógica de aprendizaje para que los vehículos establezcan umbrales legales de velocidad (LegalStopSpeeds) y tiempo de parada en señales. | Mejora de los sistemas de monitoreo de frenada ante señales de tráfico","1. [2026-04-30 10:02:19] Sergio Alves Martín (@salvem00): Implementación del guardado masivo de variables en Fitness_Debug.csv para análisis de rendimiento (Acum_ThrottlePos, Acum_BrakeInput, CoastTime). | Desarrollo de la lógica de aprendizaje para que los vehículos establezcan umbrales legales de velocidad (LegalStopSpeeds) y tiempo de parada en señales. | Mejora de los sistemas de monitoreo de frenada ante señales de tráfico",https://gitlab.com/HP-SCDS/Observatorio/2025-2026/cognitivecarsimulatorreloaded/ule-ii-cognitivecarsimulatorreloaded/-/work_items/60
61,189320187,REESTRUCTURACIÓN DE LA RED NEURONAL Y CONTEXTO,Issue,Closed,SPRINT 9 - Refinamiento de intersecciones y lógica de comportamiento base,9,,Sergio Alves Martín,salvem00,Sergio Alves Martín,salvem00,2026-04-10,2026-04-13,4,,2026-04-30 10:02:30,2026-04-30 10:03:21,2026-04-30 10:03:21,,1,2026-04-30 10:03:22,2026-04-30 10:03:22,Sergio Alves Martín (@salvem00),"Ampliación del vector de entrada de la red neuronal incorporando codificación one-hot para el tipo de control de tráfico (TrafficControlType: Semáforo, Stop, Ceda o Ninguno). | Ajuste de los pesos iniciales en InitializeRandomBrain para integrarse con la nueva arquitectura de entradas. | Optimización de la detección de obstáculos frontales y distancias laterales para la toma de decisiones.","1. [2026-04-30 10:03:22] Sergio Alves Martín (@salvem00): Ampliación del vector de entrada de la red neuronal incorporando codificación one-hot para el tipo de control de tráfico (TrafficControlType: Semáforo, Stop, Ceda o Ninguno). | Ajuste de los pesos iniciales en InitializeRandomBrain para integrarse con la nueva arquitectura de entradas. | Optimización de la detección de obstáculos frontales y distancias laterales para la toma de decisiones.",https://gitlab.com/HP-SCDS/Observatorio/2025-2026/cognitivecarsimulatorreloaded/ule-ii-cognitivecarsimulatorreloaded/-/work_items/61
62,189320244,REFINAMIENTO DE VALIDACIÓN EN CRUCES Y MANIOBRAS,Issue,Closed,SPRINT 9 - Refinamiento de intersecciones y lógica de comportamiento base,9,,Sergio Alves Martín,salvem00,Sergio Alves Martín,salvem00,2026-04-14,2026-04-17,4,,2026-04-30 10:03:38,2026-04-30 10:04:15,2026-04-30 10:04:15,,1,2026-04-30 10:04:16,2026-04-30 10:04:16,Sergio Alves Martín (@salvem00),"Implementación de penalizaciones específicas por retroceso (ReversePenalty) y mejora del sistema CheckStuck para detectar inactividad (""Lazy""). | Resolución de fallos en la validación de intersecciones que permitían bloqueos indefinidos mediante el uso de CrossingZones. | Sincronización de los IDs de chequeo (StopCrossingCheckID) para garantizar una reanudación segura de la marcha.","1. [2026-04-30 10:04:16] Sergio Alves Martín (@salvem00): Implementación de penalizaciones específicas por retroceso (ReversePenalty) y mejora del sistema CheckStuck para detectar inactividad (""Lazy""). | Resolución de fallos en la validación de intersecciones que permitían bloqueos indefinidos mediante el uso de CrossingZones. | Sincronización de los IDs de chequeo (StopCrossingCheckID) para garantizar una reanudación segura de la marcha.",https://gitlab.com/HP-SCDS/Observatorio/2025-2026/cognitivecarsimulatorreloaded/ule-ii-cognitivecarsimulatorreloaded/-/work_items/62
63,189320726,IMPLEMENTACIÓN DE FITNESS AVANZADO Y COMPORTAMIENTO ESTÁTICO,Issue,Closed,SPRINT 10 - Suavizado de control y estabilización del sistema evolutivo,10,,Sergio Alves Martín,salvem00,Sergio Alves Martín,salvem00,2026-04-20,2026-04-23,4,,2026-04-30 10:16:00,2026-04-30 10:16:55,2026-04-30 10:16:55,,1,2026-04-30 10:16:56,2026-04-30 10:16:56,Sergio Alves Martín (@salvem00),Introducción de la penalización por girar las ruedas mientras el vehículo está detenido (SteeringWhileStopped). | Implementación del CreepingPenalty para castigar el movimiento lento excesivo en líneas de parada. | Ajuste de las funciones de fitness para premiar el mantenimiento de la velocidad máxima permitida en trayectos despejados.,1. [2026-04-30 10:16:56] Sergio Alves Martín (@salvem00): Introducción de la penalización por girar las ruedas mientras el vehículo está detenido (SteeringWhileStopped). | Implementación del CreepingPenalty para castigar el movimiento lento excesivo en líneas de parada. | Ajuste de las funciones de fitness para premiar el mantenimiento de la velocidad máxima permitida en trayectos despejados.,https://gitlab.com/HP-SCDS/Observatorio/2025-2026/cognitivecarsimulatorreloaded/ule-ii-cognitivecarsimulatorreloaded/-/work_items/63
64,189320780,IMPLEMENTACIÓN DE SISTEMAS DE TIEMPO DE GRACIA Y MEJORA DE ESTADÍSTICAS,Issue,Closed,SPRINT 10 - Suavizado de control y estabilización del sistema evolutivo,10,,Sergio Alves Martín,salvem00,Sergio Alves Martín,salvem00,2026-04-24,2026-04-27,4,,2026-04-30 10:17:27,2026-04-30 10:18:23,2026-04-30 10:18:23,,1,2026-04-30 10:18:24,2026-04-30 10:18:24,Sergio Alves Martín (@salvem00),"Desarrollo del sistema ResumeGraceTime para evitar penalizaciones por inactividad inmediatamente después de una parada legal. | Mejora de la exportación de resultados estadísticos, incluyendo tasas de éxito y razones de muerte por generación. | Optimización del sistema de reparto de puntos de inicio mediante SpawnBag para asegurar variabilidad poblacional.","1. [2026-04-30 10:18:24] Sergio Alves Martín (@salvem00): Desarrollo del sistema ResumeGraceTime para evitar penalizaciones por inactividad inmediatamente después de una parada legal. | Mejora de la exportación de resultados estadísticos, incluyendo tasas de éxito y razones de muerte por generación. | Optimización del sistema de reparto de puntos de inicio mediante SpawnBag para asegurar variabilidad poblacional.",https://gitlab.com/HP-SCDS/Observatorio/2025-2026/cognitivecarsimulatorreloaded/ule-ii-cognitivecarsimulatorreloaded/-/work_items/64
65,189320814,OPTIMIZACIÓN DE ARQUITECTURA Y REFINAMIENTO POBLACIONAL,Issue,Closed,SPRINT 10 - Suavizado de control y estabilización del sistema evolutivo,10,,Sergio Alves Martín,salvem00,Sergio Alves Martín,salvem00,2026-04-27,2026-04-30,4,,2026-04-30 10:18:34,2026-04-30 10:19:41,2026-04-30 10:19:41,,1,2026-04-30 10:19:42,2026-04-30 10:19:42,Sergio Alves Martín (@salvem00),Implementación (TEMPORAL) de límites en la tasa de cambio de dirección (MaxSteeringRate) y aceleración (MaxThrottleRate) para un control más físico. | Evaluación de la respuesta directa de la red neuronal eliminando temporalmente el control gradual de pasos. | Ampliación de la arquitectura de la red neuronal incrementando a 16 el número de neuronas en la capa oculta. | Reequilibrio de las cuotas de mutación en la generación para ajustar la evolución entre pesos cargados y mejores pesos históricos.,1. [2026-04-30 10:19:42] Sergio Alves Martín (@salvem00): Implementación (TEMPORAL) de límites en la tasa de cambio de dirección (MaxSteeringRate) y aceleración (MaxThrottleRate) para un control más físico. | Evaluación de la respuesta directa de la red neuronal eliminando temporalmente el control gradual de pasos. | Ampliación de la arquitectura de la red neuronal incrementando a 16 el número de neuronas en la capa oculta. | Reequilibrio de las cuotas de mutación en la generación para ajustar la evolución entre pesos cargados y mejores pesos históricos.,https://gitlab.com/HP-SCDS/Observatorio/2025-2026/cognitivecarsimulatorreloaded/ule-ii-cognitivecarsimulatorreloaded/-/work_items/65
98,193728424,IMPLEMENTACIÓN DE TASA DE MUTACIÓN DINÁMICA Y ELITISMO VISUAL,Issue,Closed,SPRINT 11 - Refinamiento de lógica evolutiva y validación de paradas,11,,Sergio Alves Martín,salvem00,Sergio Alves Martín,salvem00,2026-05-01,2026-05-07,7,4,2026-07-01 18:55:44,2026-07-01 19:09:48,2026-07-01 19:09:48,Duración estimada: 4 días,1,2026-07-01 19:09:48,2026-07-01 19:09:48,Sergio Alves Martín (@salvem00),"Se ha implementado una lógica de **tasa de mutación dinámica** que aumenta proporcionalmente a las generaciones sin mejora, facilitando la salida de mínimos locales. Además, se añadió un sistema de **colores distintivos** para identificar visualmente al mejor coche de la sesión actual y al modelo histórico cargado durante el entrenamiento","1. [2026-07-01 19:09:48] Sergio Alves Martín (@salvem00): Se ha implementado una lógica de **tasa de mutación dinámica** que aumenta proporcionalmente a las generaciones sin mejora, facilitando la salida de mínimos locales. Además, se añadió un sistema de **colores distintivos** para identificar visualmente al mejor coche de la sesión actual y al modelo histórico cargado durante el entrenamiento",https://gitlab.com/HP-SCDS/Observatorio/2025-2026/cognitivecarsimulatorreloaded/ule-ii-cognitivecarsimulatorreloaded/-/work_items/98
99,193728425,REFINAMIENTO DE VALIDACIÓN DE PARADA Y TIEMPOS DE ESPERA,Issue,Closed,SPRINT 11 - Refinamiento de lógica evolutiva y validación de paradas,11,,Sergio Alves Martín,salvem00,Sergio Alves Martín,salvem00,2026-05-07,2026-05-15,9,5,2026-07-01 18:55:44,2026-07-01 19:10:42,2026-07-01 19:10:42,Duración estimada: 5 días,1,2026-07-01 19:10:43,2026-07-01 19:10:43,Sergio Alves Martín (@salvem00),"Refinamiento de la función **ComputeStopValidationData** en señales de STOP. Ahora el modelo diferencia entre una parada técnica correcta y una aproximación lenta, integrando **bonificadores basados en el tiempo de espera aprendido** por la propia población de vehículos","1. [2026-07-01 19:10:43] Sergio Alves Martín (@salvem00): Refinamiento de la función **ComputeStopValidationData** en señales de STOP. Ahora el modelo diferencia entre una parada técnica correcta y una aproximación lenta, integrando **bonificadores basados en el tiempo de espera aprendido** por la propia población de vehículos",https://gitlab.com/HP-SCDS/Observatorio/2025-2026/cognitivecarsimulatorreloaded/ule-ii-cognitivecarsimulatorreloaded/-/work_items/99
100,193728426,SISTEMA DE PENALIZACIÓN POR COLISIÓN DIRECCIONAL EN INTERSECCIONES,Issue,Closed,SPRINT 12 - Penalizaciones de colisión direccional y telemetría extendida,12,,Sergio Alves Martín,salvem00,Sergio Alves Martín,salvem00,2026-05-15,2026-05-23,9,5,2026-07-01 18:55:45,2026-07-01 19:11:31,2026-07-01 19:11:31,Duración estimada: 5 días,1,2026-07-01 19:11:32,2026-07-01 19:11:32,Sergio Alves Martín (@salvem00),Desarrollo del sistema de **colisiones direccionales** mediante el blueprint **BP_IntersectionBorders**. Ahora los vehículos reciben penalizaciones severas si colisionan mientras ejecutan un giro contrario a su intención de dirección (**DirectionIntent**) declarada al entrar en la intersección,1. [2026-07-01 19:11:32] Sergio Alves Martín (@salvem00): Desarrollo del sistema de **colisiones direccionales** mediante el blueprint **BP_IntersectionBorders**. Ahora los vehículos reciben penalizaciones severas si colisionan mientras ejecutan un giro contrario a su intención de dirección (**DirectionIntent**) declarada al entrar en la intersección,https://gitlab.com/HP-SCDS/Observatorio/2025-2026/cognitivecarsimulatorreloaded/ule-ii-cognitivecarsimulatorreloaded/-/work_items/100
101,193728427,DESARROLLO DE NAV_VIOLATION Y PENALIZACIONES POR MARCHA ATRÁS,Issue,Closed,SPRINT 12 - Penalizaciones de colisión direccional y telemetría extendida,12,,Sergio Alves Martín,salvem00,Sergio Alves Martín,salvem00,2026-05-22,2026-06-01,11,5,2026-07-01 18:55:45,2026-07-01 19:12:06,2026-07-01 19:12:06,Duración estimada: 5 días,1,2026-07-01 19:12:07,2026-07-01 19:12:07,Sergio Alves Martín (@salvem00),"Implementación de la razón de muerte **NAV_VIOLATION**, que monitoriza el tiempo acumulado fuera de los carriles legales. Se ajustó también la penalización por **marcha atrás (DeltaReversePenalty)**, que ahora escala de forma cuadrática con la velocidad para evitar que el modelo abuse de la reversa para corregir errores","1. [2026-07-01 19:12:07] Sergio Alves Martín (@salvem00): Implementación de la razón de muerte **NAV_VIOLATION**, que monitoriza el tiempo acumulado fuera de los carriles legales. Se ajustó también la penalización por **marcha atrás (DeltaReversePenalty)**, que ahora escala de forma cuadrática con la velocidad para evitar que el modelo abuse de la reversa para corregir errores",https://gitlab.com/HP-SCDS/Observatorio/2025-2026/cognitivecarsimulatorreloaded/ule-ii-cognitivecarsimulatorreloaded/-/work_items/101
102,193728428,INTEGRACIÓN DE LÓGICA DE ROTONDAS Y SENSORES DE ENTRADA/SALIDA,Issue,Closed,SPRINT 13 - Implementación de rotondas y estadísticas de salida,13,,Sergio Alves Martín,salvem00,Sergio Alves Martín,salvem00,2026-06-01,2026-06-10,10,7,2026-07-01 18:55:45,2026-07-01 19:12:48,2026-07-01 19:12:48,Duración estimada: 7 días,1,2026-07-01 19:12:49,2026-07-01 19:12:49,Sergio Alves Martín (@salvem00),Integración de la lógica de **rotondas** en **BP_IntersectionTrigger**. Se han añadido sensores de entrada y salida que gestionan el conteo de giros y otorgan un **bonificador por completado (RndCompletionBonus)** basado en la fluidez y la ausencia de obstáculos frontales durante la maniobra,1. [2026-07-01 19:12:49] Sergio Alves Martín (@salvem00): Integración de la lógica de **rotondas** en **BP_IntersectionTrigger**. Se han añadido sensores de entrada y salida que gestionan el conteo de giros y otorgan un **bonificador por completado (RndCompletionBonus)** basado en la fluidez y la ausencia de obstáculos frontales durante la maniobra,https://gitlab.com/HP-SCDS/Observatorio/2025-2026/cognitivecarsimulatorreloaded/ule-ii-cognitivecarsimulatorreloaded/-/work_items/102
103,193728429,EXPANSIÓN DE TELEMETRÍA ESPECÍFICA PARA ANÁLISIS DE ROTONDAS,Issue,Closed,SPRINT 13 - Implementación de rotondas y estadísticas de salida,13,,Sergio Alves Martín,salvem00,Sergio Alves Martín,salvem00,2026-06-11,2026-06-20,10,6,2026-07-01 18:55:46,2026-07-01 19:13:23,2026-07-01 19:13:23,Duración estimada: 6 días,1,2026-07-01 19:13:24,2026-07-01 19:13:24,Sergio Alves Martín (@salvem00),"Expansión masiva de **Fitness_Debug.csv** para incluir **30 nuevas variables de telemetría** específicas para rotondas. Esto permite analizar el rendimiento por salida (Exit 1, 2 o 3+), registrar colisiones internas y evaluar el ángulo de giro (**SteeringInRoundabout**) empleado por los mejores modelos","1. [2026-07-01 19:13:24] Sergio Alves Martín (@salvem00): Expansión masiva de **Fitness_Debug.csv** para incluir **30 nuevas variables de telemetría** específicas para rotondas. Esto permite analizar el rendimiento por salida (Exit 1, 2 o 3+), registrar colisiones internas y evaluar el ángulo de giro (**SteeringInRoundabout**) empleado por los mejores modelos",https://gitlab.com/HP-SCDS/Observatorio/2025-2026/cognitivecarsimulatorreloaded/ule-ii-cognitivecarsimulatorreloaded/-/work_items/103
104,193728430,SISTEMA DE DETECCIÓN DE SOLAPAMIENTO Y DISTANCIA ENTRE VEHÍCULOS,Issue,Closed,SPRINT 14 - Interacción entre vehículos y optimización de cedas,14,,Sergio Alves Martín,salvem00,Sergio Alves Martín,salvem00,2026-06-22,2026-06-26,5,4,2026-07-01 18:55:46,2026-07-01 19:14:03,2026-07-01 19:14:03,Duración estimada: 4 días,1,2026-07-01 19:14:04,2026-07-01 19:14:04,Sergio Alves Martín (@salvem00),"Introducción de **Debug_NumCarOverlaps** y **CarOverlapPenaltyShadow**. Este sistema detecta cuando un vehículo invade el espacio personal de otro antes de la colisión física, permitiendo al modelo **aprender a mantener la distancia de seguridad** mediante una penalización progresiva en el fitness","1. [2026-07-01 19:14:04] Sergio Alves Martín (@salvem00): Introducción de **Debug_NumCarOverlaps** y **CarOverlapPenaltyShadow**. Este sistema detecta cuando un vehículo invade el espacio personal de otro antes de la colisión física, permitiendo al modelo **aprender a mantener la distancia de seguridad** mediante una penalización progresiva en el fitness",https://gitlab.com/HP-SCDS/Observatorio/2025-2026/cognitivecarsimulatorreloaded/ule-ii-cognitivecarsimulatorreloaded/-/work_items/104
105,193728431,OPTIMIZACIÓN DE COLAS DINÁMICAS DE LIBERACIÓN EN CEDAS (YIELD),Issue,Closed,SPRINT 14 - Interacción entre vehículos y optimización de cedas,14,,Sergio Alves Martín,salvem00,Sergio Alves Martín,salvem00,2026-06-29,2026-07-01,3,3,2026-07-01 18:55:46,2026-07-01 19:14:38,2026-07-01 19:14:38,Duración estimada: 3 días,1,2026-07-01 19:14:38,2026-07-01 19:14:38,Sergio Alves Martín (@salvem00),"Rediseño del sistema de liberación en señales de Ceda el Paso mediante **colas dinámicas (PendingReleaseYieldCars)**. La nueva lógica **Recheck_YieldRelease** verifica cada 0.3 segundos si el cruce está libre, permitiendo reanudar la marcha de forma más eficiente y evitando bloqueos innecesarios en la simulación","1. [2026-07-01 19:14:38] Sergio Alves Martín (@salvem00): Rediseño del sistema de liberación en señales de Ceda el Paso mediante **colas dinámicas (PendingReleaseYieldCars)**. La nueva lógica **Recheck_YieldRelease** verifica cada 0.3 segundos si el cruce está libre, permitiendo reanudar la marcha de forma más eficiente y evitando bloqueos innecesarios en la simulación",https://gitlab.com/HP-SCDS/Observatorio/2025-2026/cognitivecarsimulatorreloaded/ule-ii-cognitivecarsimulatorreloaded/-/work_items/105